{
  "priority": {
    "classes": [
      "High",
      "Medium",
      "Low"
    ],
    "coefficients": [
      [
        0.05714285714285715,
        0.014285714285714287,
        0.014285714285714287,
        0.1157142857142857,
        0.1582857142857143,
        0.2857142857142857,
        0,
        0.42857142857142855,
        0,
        0,
        0.2857142857142857,
        0
      ],
      [
        0.042857142857142864,
        0,
        0,
        0.12428571428571429,
        0.1657142857142857,
        0.14285714285714285,
        0.14285714285714285,
        0.2857142857142857,
        0.14285714285714285,
        0,
        0.14285714285714285,
        0
      ],
      [
        0,
        0.1,
        0.1,
        0.1,
        0.122,
        1,
        0,
        0,
        0,
        0,
        0,
        0
      ]
    ],
    "intercepts": [
      0,
      0,
      0
    ]
  },
  "severity": {
    "coefficients": [
      2.502073946021356,
      -2.2385586241874975,
      -2.2385586241874975,
      0.8788118887645051,
      2.0820955173790736,
      -0.44797304493065443,
      -1.1111932799397966,
      3.0831262632692207,
      1.8586583882371268,
      0,
      2.243327088641004,
      0
    ],
    "intercept": 5.637072627808173
  },
  "risk": {
    "coefficients": [
      1.8849415883974674,
      -1.6121287393596566,
      -1.6121287393596566,
      0.912854972770107,
      1.8024910060734802,
      0.9744857969287546,
      0.9703324568658909,
      1.7536426934493539,
      2.9597090668483093,
      0,
      2.7724137658435826,
      0
    ],
    "intercept": 5.442461182372288
  }
}