{
  "priority": {
    "classes": [
      "High",
      "Medium",
      "Low"
    ],
    "coefficients": [
      [
        0.09545454545454547,
        0.07727272727272728,
        0.004545454545454546,
        0.08818181818181821,
        0.1301818181818182,
        0.13636363636363635,
        0.13636363636363635,
        0.18181818181818182,
        0.18181818181818182,
        0,
        0.18181818181818182,
        0
      ],
      [
        0.029411764705882356,
        0.049019607843137275,
        0,
        0.09019607843137256,
        0.1342352941176471,
        0.17647058823529413,
        0.058823529411764705,
        0.3333333333333333,
        0.11764705882352941,
        0.09803921568627451,
        0.0392156862745098,
        0
      ],
      [
        0.030434782608695664,
        0.032608695652173926,
        0.0010869565217391304,
        0.07304347826086954,
        0.12176086956521741,
        0.16304347826086957,
        0.13043478260869565,
        0,
        0.14130434782608695,
        0.18478260869565216,
        0.14130434782608695,
        0
      ]
    ],
    "intercepts": [
      0,
      0,
      0
    ]
  },
  "severity": {
    "coefficients": [
      0.6554566785645407,
      -0.23028876771476456,
      -0.18408403108974794,
      0.8205829299904106,
      1.1512286923718982,
      0.08637765642593956,
      0.022509168738277,
      1.0702519468678835,
      0.19807237363794375,
      0.04032467214989299,
      0.5457305866534865,
      0
    ],
    "intercept": 4.754528313100278
  },
  "risk": {
    "coefficients": [
      0.5784582366742241,
      -0.2749196493280299,
      -0.11148810812027186,
      0.6121232630265033,
      0.9087893377778935,
      0.47322415481356706,
      0.41366874883946125,
      0.7899701046381444,
      1.4913381080809711,
      0.37638534190021156,
      2.4600921230800163,
      0
    ],
    "intercept": 5.438399346034727
  }
}